No,순번,본부명,소방서,주소,전화번호,FAX,경도,위도
1,1,서울소방재난본부,강남소방서,서울특별시 강남구 테헤란로 629(삼성동),02-6981-7575,02-556-2119,127.066828873176,37.5102771948081
2,2,서울소방재난본부,강동소방서,서울특별시 강동구 성내로 39(성내동),02-470-0119,02-489-2119,127.125282648794,37.5293785843842
3,3,서울소방재난본부,강북소방서,서울특별시 강북구 한천로 911(번동),02-6946-0200,02-6946-0202,127.038180747593,37.6330506234542
4,4,서울소방재난본부,강서소방서,서울특별시 강서구 양천로 550(등촌동),02-3663-0119,02-3662-0590,126.859758112338,37.5579606361409
5,5,서울소방재난본부,관악소방서,서울특별시 관악구 관악로 97(봉천동),02-6981-8310,02-877-4119,126.952686760258,37.4741266608285
6,6,서울소방재난본부,광진소방서,서울특별시 광진구 광나루로 480(구의동),02-457-0119,02-454-0338,127.082778686238,37.5448273491392
7,7,서울소방재난본부,구로소방서,서울특별시 구로구 경인로 408(고척동),02-2618-0119,02-2619-0121,126.865215227799,37.4977924053507
8,8,서울소방재난본부,노원소방서,서울특별시 노원구 한글비석로 1길 8(하계동),02-6981-6910,02-979-6119,127.071107339414,37.6382551285826
9,9,서울소방재난본부,도봉소방서,서울특별시 도봉구 도봉로 666(방학동),02-6981-8119,02-3493-1119,127.043096984986,37.6636453552882
10,10,서울소방재난본부,동대문소방서,서울특별시 동대문구 장한로 34(장안동),02-6942-1310,02-2242-0119,127.066709989213,37.5638420813043
11,11,서울소방재난본부,동작소방서,서울특별시 동작구 여의대방로16길 55(신대방동),02-847-1190,02-848-2111,126.917718977426,37.4946737759618
12,12,서울소방재난본부,마포소방서,서울특별시 마포구 창전로 76(신수동),02-6981-7910,02-716-1192,126.933228592582,37.5490736784942
13,13,서울소방재난본부,서대문소방서,서울특별시 서대문구 연희로 182(연희동),02-6981-5510,02-3144-9119,126.935996474908,37.5732058691259
14,14,서울소방재난본부,서초소방서,서울특별시 서초구 사평대로 67(반포동),02-537-0119,02-599-0119,126.992025168116,37.4987888413285
15,15,서울소방재난본부,성동소방서,서울특별시 성동구 살곶이길 331(행당동),02-2622-1711,02-2622-1719,127.039484940963,37.5537565722967
16,16,서울소방재난본부,성북소방서,서울특별시 성북구 종암로 27길 3(종암동),02-6981-7310,02-925-0119,127.031746996734,37.6024214065716
17,17,서울소방재난본부,송파소방서,서울특별시 송파구 오금로51길 56(마천동),02-403-2119,02-431-6119,127.142592765256,37.4998350066004
18,18,서울소방재난본부,양천소방서,서울특별시 양천구 목동서로 180(목동),02-2655-1119,02-2651-6119,126.872341553474,37.5302352033935
19,19,서울소방재난본부,영등포소방서,서울특별시 영등포구 문래로 197(영등포동4가),02-6981-7119,02-6981-7110,126.904189124445,37.5184392565295
20,20,서울소방재난본부,용산소방서,서울특별시 용산구 한강대로 167(한강로2가),02-794-0119,02-792-5117,126.971507147937,37.5341085280183
21,21,서울소방재난본부,은평소방서,서울특별시 은평구 통일로 962(진관동),02-355-0119,02-382-1149,126.920196978205,37.6287430441443
22,22,서울소방재난본부,종로소방서,서울특별시 종로구 종로1길 28(수송동),02-735-6119,02-739-0119,126.978907888729,37.5728498408425
23,23,서울소방재난본부,중부소방서,서울특별시 중구 퇴계로 394(무학동),02-2234-0119,02-2252-1516,127.015378843602,37.5648660247626
24,24,서울소방재난본부,중랑소방서,서울특별시 중랑구 신내로 183(신내동),02-6981-8920,02-3421-3911,127.094884861454,37.6153830846235
25,25,부산소방재난본부,강서소방서,부산광역시 강서구 녹산산단361로 9(송정동),051-760-5000,051-760-5019,128.856793511147,35.0895960147994
26,26,부산소방재난본부,금정소방서,부산광역시 금정구 중앙대로 1789(부곡동),051-760-4700,051-760-5019,129.092792551988,35.2440511511761
27,27,부산소방재난본부,기장소방서,부산광역시 기장군 정관면 용수로 7,051-760-5100,051-760-5119,129.179900226704,35.3248180612538
28,28,부산소방재난본부,부산진소방서,부산광역시 동구 범일로 115(범일동),051-760-4200,051-760-4219,129.059045963164,35.1404333109646
29,29,부산소방재난본부,북부소방서,부산광역시 사상구 삼덕로 17(삼락동),051-760-4400,051-760-4419,128.978473110815,35.1745880234864
30,30,부산소방재난본부,사하소방서,부산광역시 사하구 장평로 270(신평동),051-760-4500,051-760-4529,128.973411554653,35.0906364907454
31,31,부산소방재난본부,남부소방서,부산광역시 수영구 광일로 64(광안동),051-760-4800,051-760-4819,129.107041216981,35.1631610761748
32,32,부산소방재난본부,동래소방서,부산광역시 연제구 고분로 216(연산동),051-760-4300,051-760-4319,129.105746501817,35.1834416683785
33,33,부산소방재난본부,항만소방서,부산광역시 영도구 해양로 297(동삼동),051-760-4900,051-760-4919,129.076864473421,35.0817884947626
34,34,부산소방재난본부,중부소방서,부산광역시 중구 충장대로 6(중앙동4가),051-760-4100,051-760-4119,129.037121807557,35.104698431658
35,35,부산소방재난본부,해운대소방서,부산광역시 해운대구 해운대해변로 106(우동),051-760-4600,051-760-4619,129.143703314643,35.1595596598417
36,36,대구소방안전본부,달서소방서,대구광역시 달서구 학산로 75,053-607-2216,053-635-0532,128.534732825606,35.8310604306612
37,37,대구소방안전본부,강서소방서,대구광역시 달성군 다사읍 달구벌대로 920,053-601-4600,053-592-2119,128.467426114122,35.8554227373193
38,38,대구소방안전본부,달성소방서,대구광역시 달성군 현풍읍 비슬로 480,053-670-5200,053-670-5209,128.446945562932,35.6824952661062
39,39,대구소방안전본부,동부소방서,대구광역시 동구 동대구로 507,053-601-4317,053-751-9953,128.625221229788,35.8759845387211
40,40,대구소방안전본부,북부소방서,대구광역시 북구 칠성남로 112,053-350-4700,053-350-4719,128.592314468581,35.8780012694154
41,41,대구소방안전본부,서부소방서,대구광역시 서구 달서천로 186,053-320-4499,053-357-1803,128.554385834193,35.8818754260479
42,42,대구소방안전본부,수성소방서,대구광역시 수성구 청호로 87,053-780-5213,053-782-4223,128.644225423966,35.8254698290568
43,43,대구소방안전본부,중부소방서,대구광역시 중구 달구벌대로 1926,053-601-4517,053-256-6119,128.575134929452,35.8621614522406
44,44,광주소방안전본부,광산소방서,광주광역시 광산구 하남산단1번로 13(하남동),062-613-8813,062-613-8819,126.796326748644,35.1861644872099
45,45,광주소방안전본부,남부소방서,광주광역시 남구 송암로58번길 13(송하동),062-613-8613,062-613-8619,126.878340127852,35.1105071635276
46,46,광주소방안전본부,동부소방서,광주광역시 동구 제봉로 210(대인동),062-613-8413,062-613-8419,126.914553175723,35.154609676383
47,47,광주소방안전본부,북부소방서,광주광역시 북구 서하로 290(오치동),062-613-8713,062-613-8719,126.912224298309,35.1867362547989
48,48,광주소방안전본부,서부소방서,광주광역시 서구 화운로 197(화정동),062-613-8513,062-613-8519,126.876545834242,35.1565165193979
49,49,인천소방본부,강화소방서,인천광역시  강화군 강화읍 남문로 23번길 11,032-930-5811,032-439-5119,126.487449568634,37.7396630805502
50,50,인천소방본부,계양소방서,인천광역시  계양구 장제로 774(계산동),032-650-5611,032-432-0550,126.735565402965,37.5371772419339
51,51,인천소방본부,미추홀소방서,인천광역시  남구 인하로 190(주안동),032-870-3216,032-461-1197,126.669004588541,37.4484004872438
52,52,인천소방본부,공단소방서,인천광역시  남동구 남동서로 208(고잔동),032-723-5512,032-579-3119,126.693000514451,37.4081759334525
53,53,인천소방본부,남동소방서,인천광역시  남동구 인주대로 714(구월동),032-870-5210,032-764-7109,126.716298100332,37.4489984826265
54,54,인천소방본부,부평소방서,인천광역시  부평구 부평대로 324(갈산동),032-723-5310,032-766-2119,126.722150358707,37.5202266345115
55,55,인천소방본부,서부소방서,인천광역시  서구 서곶로 292(심곡동),032-723-5440,032-422-0819,126.67724837696,37.5433897728099
56,56,인천소방본부,송도소방서,인천광역시  연수구 첨단대로60번길 15(송도동),032-810-6609,032-506-1190,126.651588096779,37.3672280119307
57,57,인천소방본부,중부소방서,인천광역시  중구 인중로 204(항동),032-870-5115,032-362-1991,126.622570643686,37.4702265953226
58,58,인천소방본부,영종소방서,인천광역시  중구 중구 제2터미널대로 268(운서동),032-727-6110,032-519-1190,126.414706905437,37.4859882345441
59,59,대전소방본부,대덕소방서,대전광역시 대덕구 계족로 682,042-270-1514,042-270-1560,127.428775697648,36.3726879648961
60,60,대전소방본부,동부소방서,대전광역시 동구 계족로 300,042-270-1314,042-270-1360,127.437599692649,36.3391590173054
61,61,대전소방본부,둔산소방서,대전광역시 서구 갈마중로 15,042-270-1413,042-270-1460,127.371117690954,36.3479037814118
62,62,대전소방본부,서부소방서,대전광역시 서구 북부서로 67,042-270-1713,042-270-1960,127.340550474099,36.2775578118078
63,63,대전소방본부,유성소방서,대전광역시 유성구 대덕대로 516,042-270-1613,042-270-1660,127.378856423679,36.3792031218467
64,64,울산소방본부,남부소방서,울산광역시 남구 삼산중로 149,052-210-4720,052-210-4719,129.335437238168,35.5471310587961
65,65,울산소방본부,동부소방서,울산광역시 동구 꽃바위2가길 9,052-279-6320,052-279-6319,129.412591421481,35.4823509677435
66,66,울산소방본부,북부소방서,울산광역시 북구 화동로 178,052-229-8001,052-229-8019,129.370124372854,35.6067845084934
67,67,울산소방본부,온산소방서,울산광역시 울주군 온산읍 덕신로 232,052-241-6620,052-241-6619,129.306632415912,35.433382640775
68,68,세종소방본부,중부소방서,울산광역시 중구 종가로 205,052-210-4423,052-210-4419,129.299310543705,35.5629508161566
69,69,세종소방본부,세종소방서,세종특별자치시 절재로 301(어진동),044-300-6119,044-863-1018,127.273670545661,36.5062711695231
70,70,세종소방본부,조치원소방서,세종특별자치시 조치원읍 세종로 2439,044-300-8119,044-862-1995,127.288913224767,36.6047990346054
71,71,경기재난안전본부,가평소방서,경기도 가평군 가평읍 가화로36,031-580-0212,031-2808-585,127.516447439974,37.8232633131636
72,72,경기재난안전본부,고양소방서,경기도 고양시 덕양구 고양대로 1342,031-931-0212,031-8018-3519,126.833531629555,37.6548171400772
73,73,경기재난안전본부,일산소방서,경기도 고양시 일산동구 중앙로 1325,031-930-0212,031-8018-3559,126.76962652301,37.663281925407
74,74,경기재난안전본부,과천소방서,경기도 과천시 통영로 12,02-331-4212,031-8018-3529,126.990524202648,37.4285651285435
75,75,경기재난안전본부,광명소방서,경기도 광명시 금하로 472,02-2610-3213,031-8018-3509,126.88521520719,37.4486864275472
76,76,경기재난안전본부,광주소방서,경기도 광주시 초월읍 무들로 112,031-799-2212,031-8018-3539,127.299506083286,37.3855778086279
77,77,경기재난안전본부,구리소방서,경기도 구리시 아차산로 487번길 46,031-570-6214,031-747-0119,127.127833123057,37.598289419226
78,78,경기재난안전본부,군포소방서,경기도 군포시 고산로 429,031-479-8212,없음,126.927119541089,37.3525675777135
79,79,경기재난안전본부,김포소방서,경기도 김포시 감암로 111,031-980-4212,031-757-0119,126.70853566977,37.6415647165561
80,80,경기재난안전본부,남양주소방서,경기도 남양주시 평내로 25,031-590-0212,031-720-0509,127.232240434152,37.6433220225028
81,81,경기재난안전본부,동두천소방서,경기도 동두천시 지행로 6(지행동),031-830-5504,031-759-0119,127.047601020587,37.892263750205
82,82,경기재난안전본부,부천소방서,경기도 부천시 원미구 신흥로 115,031-650-4214,031-754-0003,126.777827962778,37.4932097311295
83,83,경기재난안전본부,분당소방서,경기도 성남시 분당구 양현로 14,031-8018-3212,031-280-8521,127.119486972496,37.3860403913578
84,84,경기재난안전본부,성남소방서,경기도 성남시 수정구 제일로 111,031-720-0212,031-280-8528,127.133433178913,37.4364295926771
85,85,경기재난안전본부,수원소방서,경기도 수원시 장안구 정자천로 189번길 12,031-8012-9212,031-280-8525,126.995993139674,37.2971991578539
86,86,경기재난안전본부,수원남부소방서,경기도 수원시 권선구 동수원로 286 (권선동),031-6398324,031-280-8529,127.036226331257,37.2542770657391
87,87,경기재난안전본부,시흥소방서,경기도 시흥시 정왕신길로 206 (정왕동),031-310-0212,031-280-8523,126.74028595101,37.3492188713936
88,88,경기재난안전본부,안산소방서,경기도 안산시 단원구 화랑로 407,031-470-7212,031-280-8527,126.832951782978,37.3217235661047
89,89,경기재난안전본부,안성소방서,경기도 안성시 미양로 855,031-678-4212,031-280-8526,127.255718815458,37.0004756435509
90,90,경기재난안전본부,안양소방서,경기도 안양시 동안구 동안로 82,031-470-0212,031-280-8520,126.955195396007,37.3867823146304
91,91,경기재난안전본부,양주소방서,경기도 양주시 백석읍 꿈나무로 156,031-849-8212,031-280-8524,126.989397922811,37.7958710296519
92,92,경기재난안전본부,양평소방서,경기도 양평군 양평읍 경강로 2047,031-770-0212,031-280-8522,127.507339658147,37.5003383087525
93,93,경기북부소방재난본부,여주소방서,경기도 여주시 우암로 110,031-887-7214,031-310-0529,127.625960532511,37.2914087303953
94,94,경기북부소방재난본부,연천소방서,경기도 연천군 전곡읍 평화로 892,031-830-0212,031-280-8694,127.069010423922,38.0481565554784
95,95,경기북부소방재난본부,오산소방서,경기도 오산시 청학로 67,031-8059-7212,031-310-0519,127.064634404582,37.1550196619629
96,96,경기북부소방재난본부,용인소방서,경기도 용인시 처인구 명지로 45,031-8021-0212,031-310-0509,127.190162421853,37.2324995384674
97,97,경기북부소방재난본부,의왕소방서,경기도 의왕시 오봉로 9,031-596-0214,031-280-8607,126.974762404818,37.3442019014818
98,98,경기북부소방재난본부,의정부소방서,경기도 의정부시 의정로 48,031-849-7212,031-280-8611,127.0357888712,37.7373116873371
99,99,경기북부소방재난본부,이천소방서,경기도 이천시 경충대로 2739,031-645-5212,031-280-8615,127.431294360253,37.2820992897944
100,100,경기북부소방재난본부,파주소방서,경기도 파주시 파주읍 통일로1564,031-956-9212,031-280-8608,126.789974040238,37.8475313715969
101,101,경기북부소방재난본부,송탄소방서,경기도 평택시 경기대로 1637,031-685-8212,031-280-8613,127.062058236186,37.0900540551189
102,102,경기북부소방재난본부,평택소방서,경기도 평택시 남부문예회관앞길 11,031-8053-6212,031-280-8609,127.433049281431,37.1025803720011
103,103,경기북부소방재난본부,포천소방서,경기도 포천시 군내면 호국로 1538,031-538-5212,031-280-8606,127.202616271935,37.8913503171125
104,104,경기북부소방재난본부,하남소방서,경기도 하남시 대청로 76 (신장동),031-799-4212,031-280-8614,127.220423156249,37.5399007653655
105,105,경기북부소방재난본부,화성소방서,경기도 화성시 향남읍 향남로 399,031-8012-6212,031-280-8610,126.920621285938,37.1310105018896
106,106,강원소방본부,강릉소방서,강원도 강릉시 선수촌로 64-28(홍제동),033-643-3119,043-767-4119,128.872661829929,37.7570288036781
107,107,강원소방본부,고성소방서,강원도 고성군 간성읍 수성로 37-11,033-681-1119,043-773-0119,128.473885317207,38.3769108960005
108,108,강원소방본부,동해소방서,강원도 동해시 천곡로 120,033-533-2119,043-740-7019 ,129.118898233184,37.5245566732594
109,109,강원소방본부,삼척소방서,강원도 삼척시 봉황로 101,033-572-9119,043-730-1819,129.171313464601,37.4464963660703
110,110,강원소방본부,속초소방서,강원도 속초시 미시령로 3226,033-636-2119,043-880-0199,128.560249058444,38.2032803714329
111,111,강원소방본부,양구소방서,강원도 양구군 양구읍 중심로 92,033-482-0119,043-641-7139,127.993971056605,38.0990682340466
112,112,강원소방본부,양양소방서,강원도 양양군 양양읍 남대천로 33,033-671-0119,043-830-0123,128.622504258124,38.0674092785278
113,113,강원소방본부,영월소방서,강원도 영월군 영월읍 영월로 1863,033-373-1119,043-539-8129,128.45837558996,37.1850307652301
114,114,강원소방본부,원주소방서,강원도 원주시 동부순환로 201,033-763-4119,043-251-0115,127.972799719924,37.3337969595558
115,115,강원소방본부,인제소방서,강원도 인제군 인제읍 비봉로 44번길 71,033-460-9211,043-249-9265,128.168633555161,38.0613538696572
116,116,강원소방본부,정선소방서,강원도 정선군 정선읍 녹송로 27,033-563-0119,043-841-3119,128.671902849736,37.3796649460256
117,117,강원소방본부,철원소방서,강원도 철원군 갈말읍 태봉로 1504,033-452-7119,043-760-0219,127.324210636073,38.1858432351025
118,118,강원소방본부,춘천소방서,강원도 춘천시 후석로 446,033-241-0119,043-760-0239,127.743321691362,37.8893811069601
119,119,강원소방본부,태백소방서,강원도 태백시 태백로 1120,033-553-1119,043-767-4219,128.989421304606,37.1581175814233
120,120,강원소방본부,평창소방서,강원도 평창군 평창읍 살구실길 10,033-339-9118,043-760-0239,128.389301779013,37.3782385721797
121,121,강원소방본부,홍천소방서,강원도 홍천군 홍천읍 공작산로 99,033-432-3119,043-773-0259,127.902784850679,37.6916611560205
122,122,강원소방본부,횡성소방서,강원도 횡성군 횡성읍 문예로 157,033-343-0119,043-773-0219,127.973961792477,37.4853794311027
123,123,강원소방본부,화천소방서,강원도 화천군 위라리길 47,033-442-1119,043-773-0239,127.713418720113,38.0978082278397
124,124,충북소방본부,괴산소방서,충청북도 괴산군 괴산읍 괴강로 69,043-760-0113,043-760-0129,127.801430435167,36.8075840941793
125,125,충북소방본부,단양소방서,충청북도 단양군 단양읍 별곡리 산28-4,043-767-4113,043-767-4119,128.355525524164,36.9883915065296
126,126,충북소방본부,보은소방서,충청북도 보은군 보은읍 남부로 4415,043-773-0113,043-773-0119,127.722058851565,36.476975347073
127,127,충북소방본부,영동소방서,충청북도 영동군 영동읍 영동황간로 174,043-740-7013,043-740-7019 ,127.789063602822,36.1656374195898
128,128,충북소방본부,옥천소방서,충청북도 옥천군 옥천읍 중앙로 132,043-730-1813,043-730-1819,127.574199302195,36.3079622304408
129,129,충북소방본부,음성소방서,충청북도 음성군 금왕읍 응천서길 11,043-880-0113,043-880-0199,127.594991916706,36.9893217979277
130,130,충북소방본부,제천소방서,충청북도 제천시 신죽하로 2164,043-641-7113,043-641-7139,128.21175796544,37.1605113270916
131,131,충북소방본부,증평소방서,충청북도 증평군 충청대로 1789,043-830-0113,043-830-0123,127.58401888408,36.7879372259767
132,132,충북소방본부,진천소방서,충청북도 진천군 진천읍 진광로 93,043-539-8113,043-539-8129,127.441142541723,36.872667853403
133,133,충북소방본부,청주동부소방서,충청북도 청주시 상당구 영운로 61,043-251-0114,043-251-0115,127.494865277547,36.6209875203366
134,134,충북소방본부,청주서부소방서,충청북도 청주시 흥덕구 풍산로 64,043-249-9113,043-249-9265,127.43705452981,36.627920487527
135,135,충북소방본부,충주소방서,충청북도 충주시 도매시장4길 9번,043-841-3114,043-841-3119,126.455849689564,36.7816205518453
136,136,충남소방본부,계룡소방서,충청남도 계룡시 두마면 사계로 46,041-540-5212,042-540-5219,127.264931154498,36.2681828399974
137,137,충남소방본부,공주소방서,충청남도 공주시 무령로 55,041-851-0212,041-851-0219,127.107968603622,36.4592638594015
138,138,충남소방본부,금산소방서,충청남도 금산군 금산읍 삼풍로 2,041-750-1212,041-750-1229,127.480100274615,36.0999082997871
139,139,충남소방본부,논산소방서,충청남도 논산시 대학로 17,041-730-0212,041-730-0219,127.10038234526,36.1782816936354
140,140,충남소방본부,당진소방서,충청남도 당진시 역천로 838,041-350-5212,041-350-5219,126.617834074244,36.8859328215583
141,141,충남소방본부,보령소방서,충청남도 보령시 성주산로 63,041-930-0212,041-930-0219,126.60838802361,36.3333859645528
142,142,충남소방본부,부여소방서,충청남도 부여군 규암면 계백로 17,041-830-0212,041-830-0219,126.882238623504,36.2749920525557
143,143,충남소방본부,서산소방서,충청남도 서산시 호수공원14로 26-4,041-689-0212,041-689-0219,126.444905720561,36.7733029085093
144,144,충남소방본부,서천소방서,충청남도 서천군 장항읍 장항로 37,041-955-0212,041-955-0219,126.683024887292,36.0134997591987
145,145,충남소방본부,아산소방서,충청남도 아산시 모종로 77,041-538-0212,041-538-0219,127.025751079736,36.7860490914044
146,146,충남소방본부,예산소방서,충청남도 예산군 오가면 오가중앙로 111,041-330-4212,041-330-4219,126.80181768129,36.6866622234139
147,147,충남소방본부,천안동남소방서,충청남도 천안시 동남구 천안대로 580,041-570-0212,041-570-0219,127.164996381468,36.7999748428367
148,148,충남소방본부,천안서북소방서,충청남도 천안시 서북구 직산읍 4산단 2길 32,041-360-0212,041-360-0219,127.116073079648,36.8625947600631
149,149,충남소방본부,청양소방서,충청남도 청양군 청양읍 충절로 1187,041-940-7212,041-940-7219,126.792452039025,36.4516442015281
150,150,충남소방본부,태안소방서,충청남도 태안군 태안읍 동백로 100,041-671-0212,041-671-0219,126.286116553128,36.7580227399203
151,151,충남소방본부,홍성소방서,충청남도 홍성군 홍성읍 충절로 741,041-630-0212,041-630-0219,126.695865209938,36.5847606958779
152,152,전북소방본부,고창소방서,전라북도 고창군 고창읍 녹두로 1294,063-560-1251,063-289-1122,126.688100727705,35.4324620478115
153,153,전북소방본부,군산소방서,전라북도 군산시 번영로 308,063-450-0251,063-289-1042,126.751105732898,35.9628407439342
154,154,전북소방본부,김제소방서,전라북도 김제시 벽성로 278,063-540-4251,063-289-1102,126.870047431872,35.7989537533909
155,155,전북소방본부,남원소방서,전라북도 남원시 요천로 1965,063-630-8251,063-289-1092,127.416194048222,35.4368993753051
156,156,전북소방본부,부안소방서,전라북도 부안군 행안면 변산로 86,063-580-1251,063-289-1132,126.711889855649,35.7297707994974
157,157,전북소방본부,순창소방서,전라북도 순창군 순창읍 교성로 24,063-653-7119,063-289-1096,127.133915969917,35.3720512381689
158,158,전북소방본부,완주소방서,전라북도 완주군 삼례읍 삼봉로 518,063-290-0251,063-289-1112,127.124161792932,35.9263747971427
159,159,전북소방본부,익산소방서,전라북도 익산시 무왕로 1338,063-839-3251,063-289-1062,127.005108603396,35.962240096547
160,160,전북소방본부,무진장소방서,전라북도 장수군 장계면 육십령로 136,063-350-6251,063-289-1142,127.589529289475,35.7322553891738
161,161,전북소방본부,전주덕진소방서,전라북도 전주시 덕진구 백제대로 611,063-250-4251,063-289-1012,127.136967078552,35.8423158089069
162,162,전북소방본부,전주완산소방서,전라북도 전주시 완산구 거마평로 73,063-220-4251,063-289-1022,127.116298025114,35.7989064508596
163,163,전북소방본부,정읍소방서,전라북도 정읍시 서부산업도로 507-5,063-570-1251,063-289-1082,126.85854860807,35.5882998636154
164,164,전남소방본부,강진소방서,전라남도 강진군 군동면 중앙로 223,061-430-0900,061-430-0740,126.780882698239,34.6433009110125
165,165,전남소방본부,고흥소방서,전라남도 고흥군 풍양면 고흥로 1330,061-840-0900,061-840-0740,127.25593349072,34.5814344799182
166,166,전남소방본부,광양소방서,전라남도 광양시 중마중앙로 109,061-798-0900,061-798-0740,127.697709159305,34.9400899417822
167,167,전남소방본부,나주소방서,전라남도 나주시 예향로 4201,061-330-0900,061-330-0740,126.709498515273,35.0278856519499
168,168,전남소방본부,담양소방서,전라남도 담양군 담양읍 추성로 1232,061-380-0900,061-380-0740,126.973929373888,35.3183493470485
169,169,전남소방본부,목포소방서,전라남도 목포시 삼향천로 110,061-280-0900,061-280-0740,126.430251301106,34.809948841894
170,170,전남소방본부,무안소방서,전라남도 무안군 무안읍 공항골 133-9,061-450-0900,061-450-0740,126.494373597761,35.0096135480475
171,171,전남소방본부,보성소방서,전라남도 보성군 벌교읍 녹색로 5247,061-859-0900,061-859-0740,127.315489987415,34.8384656024886
172,172,전남소방본부,순천소방서,전라남도 순천시 서면 삼산로 281,061-750-0900,061-750-0740,127.504002015922,34.9866221424396
173,173,전남소방본부,여수소방서,전라남도 여수시 망마로 20,061-680-0900,061-680-0740,127.665047055616,34.7598713411979
174,174,전남소방본부,영광소방서,전라남도 영광군 영광읍 함영로 3508,061-350-0900,061-350-0740,126.509109225357,35.263207507416
175,175,전남소방본부,영암소방서,전라남도 영암군 삼호읍 나불로 192,061-460-0900,061-460-0740,126.439287452192,34.7667216153318
176,176,전남소방본부,장성소방서,전라남도 장성군 장성읍 단풍로 204,061-360-0900,061-360-0740,126.799874783938,35.3206655871065
177,177,전남소방본부,함평소방서,전라남도 함평군 대동면 학동로386,061-338-0900,061-338-0740,126.538978585139,35.0605429130945
178,178,전남소방본부,해남소방서,전라남도 해남군 해남읍 교육청길 82,061-530-0900,061-530-0740,126.607588147475,34.5662544103814
179,179,전남소방본부,장흥소방서,전라남도 장흥군 장흥읍 원도리 215,,,126.915331294447,34.6885210787195
180,180,전남소방본부,화순소방서,전라남도 화순군 화순읍 학포로 2750,061-379-0900,061-379-0740,126.971166241179,35.0505403238271
181,181,경북소방본부,고령소방서,경상북도 고령군 고령읍 벽화길 18,054-954-4119,054-830-7816,128.268485045439,35.7239223263209
182,182,경북소방본부,구미소방서,경상북도 구미시 수출대로 112,054-461-1119,054-372-6019,128.376521845683,36.1105438364721
183,183,경북소방본부,김천소방서,경상북도 김천시 강변로 219(양천동),054-436-1119,054-370-8269,128.122636969354,36.106782731971
184,184,경북소방본부,문경소방서,경상북도 문경시 중앙로 305,054-559-1813,054-372-7119,128.209546203462,36.6100890027799
185,185,경북소방본부,상주소방서,경상북도 상주시 상산로 322,054-530-3714,054-850-6759,128.159953853881,36.4196337328875
186,186,경북소방본부,성주소방서,경상북도 성주군 성주읍 주산로 193,054-933-5119,054-873-5119,128.304632872302,35.9340274400385
187,187,경북소방본부,안동소방서,경상북도 안동시 육사로 301,054-855-8119,054-973-1149,128.737282196521,36.56104150868
188,188,경북소방본부,영덕소방서,경상북도 영덕군 영덕읍 경동로 8401,054-730-1512,054-976-7118,129.371004817794,36.4167049017411
189,189,경북소방본부,영주소방서,경상북도 영주시 문수면 적서로 448번길 17,054-632-1190,054-976-0119,128.633123598857,36.7919783180698
190,190,경북소방본부,영천소방서,경상북도 영천시 호국로 187,054-336-8000,054-974-3019,128.957886365402,35.9779216232633
191,191,경북소방본부,울진소방서,경상북도 울진군 울진읍 울진북로 508,054-780-1312,054-970-2849,129.394589476559,36.9934567110555
192,192,경북소방본부,예천소방서,경상북도 예천군 예천읍 양궁로 61-12(청복리),054-650-3414,054-971-6119,128.46341320344,36.64814932959
193,193,경북소방본부,의성소방서,경상북도 의성군 봉양면 경상북도대로 4741,054-830-7712,054-276-8648,128.591708352345,36.3052038448483
194,194,경북소방본부,청도소방서,경상북도 청도군 청도읍 중앙로 192-34,054-370-8212,054-288-0909,128.763173032098,35.6482120738573
195,195,경북소방본부,칠곡소방서,경상북도 칠곡군 기산면 칠곡대로 1216,054-976-7001,054-282-2724,128.388069526556,35.99564044792
196,196,경북소방본부,포항남부소방서,경상북도 포항시 남구 동해안로 5890,054-284-4117,054-291-1189,129.418920181348,35.9933826391617
197,197,경북소방본부,포항북부소방서,경상북도 포항시 북구 중앙로 332,054-260-2130,054-273-1184,129.366124363929,36.0425174655588
198,198,경북소방본부,경주소방서,경상북도 경주시 알천남로 276,054-778-0549,054-778-0529,129.228398464287,35.8440857291398
199,199,경북소방본부,경산소방서,경상북도 경산시 압량면 김유신로 12,053-811-1119,053-819-6249,128.769710406876,35.8384630839573
200,200,경남소방본부,거제소방서,경상남도 거제시 진목로 1,055-689-9212,055-689-9219,128.686318921931,34.8959484998726
201,201,경남소방본부,거창소방서,경상남도 거창군 거창읍 거함대로 3324,055-940-9212,055-940-9219,127.923312833827,35.6777978598445
202,202,경남소방본부,고성소방서,경상남도 고성군 고성읍 남해안대로 2670,055-670-9212,055-670-9219,128.33084850765,34.9811306595614
203,203,경남소방본부,김해동부소방서,경상남도 김해시 김해대로 2507,055-320-9212,055-320-9219,128.900932372547,35.2290809157214
204,204,경남소방본부,김해서부소방서,경상남도 김해시 장유로 341,055-344-9212,055-344-9219,128.817384416819,35.1965776456812
205,205,경남소방본부,남해소방서,경상남도 남해군 남해읍 스포츠로 81,055-860-9212,055-860-9219,127.892687568192,34.8295886647999
206,206,경남소방본부,밀양소방서,경상남도 밀양시 밀양대로 1760,055-350-9212,055-350-9219,128.753399053037,35.4831385351415
207,207,경남소방본부,사천소방서,경상남도 사천시 남일로 29,055-830-9212,055-830-9219,128.079950499372,34.9333693752375
208,208,경남소방본부,산청소방서,경상남도 산청군 산청읍 중앙로 76-7,055-970-9212,055-970-9219,127.883835740741,35.4150794470336
209,209,경남소방본부,양산소방서,경상남도 양산시 물금읍 황산로 719,055-379-9212,055-379-9219,129.010450483193,35.3342287352937
210,210,경남소방본부,의령소방서,경상남도 의령군 의령읍 의병로 108-17,055-570-9212,055-570-9219,128.248187544974,35.3192686757453
211,211,경남소방본부,진주소방서,경상남도 진주시 동진로 249,055-760-9212,055-760-9219,128.118286035062,35.1806003927529
212,212,경남소방본부,창녕소방서,경상남도 창녕군 대지면 우포2로 1097,055-259-9212,055-259-9219,128.479127915588,35.550448498934
213,213,창원소방본부,마산소방서,경상남도 창원시 마산합포구 제2부두로 55,055-249-9212,055-249-9219,128.574764416692,35.1981177584711
214,214,창원소방본부,진해소방서,경상남도 창원시 진해구 진해대로 1101,055-548-9212,055-548-9219,128.710200728096,35.1330930901758
215,215,창원소방본부,창원소방서,경상남도 창원시 의창구 상남로 165,055-211-9212,055-211-9219,128.68558693095,35.2274699437222
216,216,경남소방본부,통영소방서,경상남도 통영시 광도면 죽림4로 49,055-640-9212,055-640-9219,128.419017189386,34.8835306697962
217,217,경남소방본부,하동소방서,경상남도 하동군 금성면 금성로 15,055-880-9212,055-880-9219,127.795542084099,34.9778830738015
218,218,경남소방본부,함안소방서,경상남도 함안군 가야읍 선왕길 59,055-580-9212,055-580-9219,128.399986194819,35.2862025276639
219,219,경남소방본부,함양소방서,경상남도 함양군 함양읍 고운로 161-41,055-960-9212,055-960-9219,127.742003298852,35.5238537918414
220,220,경남소방본부,합천소방서,경상남도 합천군 합천읍 인덕로 2453,055-930-9212,055-930-9219,128.148250271716,35.5729930645806
221,221,제주소방본부,서귀포소방서,제주특별자치도 서귀포시 서호남로 20(법환동),064-730-7133,730-7129,126.514037821816,33.2500432864891
222,222,제주소방본부,동부소방서,제주특별자치도 서귀포시 성산읍 일주동로 4120번길 7,064-780-9133,780-9129,126.909727607436,33.4600147460067
223,223,제주소방본부,제주소방서,제주특별자치도 제주시 중앙로 342(이도이동),064-729-0134,729-0110,126.536659805193,33.4908891305695
224,224,제주소방본부,서부소방서,제주특별자치도 제주시 한림읍 한림중앙로 150,064-795-0134,795-0129,126.270278343074,33.4025229868172
